match_id,prob_H,prob_D,prob_A
9880,0.7418011452368558,0.15825091098386257,0.09994794377928162
9924,0.5706913317009736,0.21878697704933397,0.21052169124969247
9827,0.06364617044228693,0.12729234088457386,0.8090614886731391
9799,0.14530005310674457,0.19883165161975572,0.6558682952734998
9636,0.8774082709534912,0.08614553932997915,0.03644618971652964
9609,0.8438818565400843,0.09367088607594938,0.06244725738396625
9575,0.8168266285480907,0.11946089442515825,0.06371247702675106
9928,0.7404069018799897,0.16482101467937163,0.09477208344063869
9736,0.4469434832756632,0.2502883506343714,0.3027681660899654
9742,0.9083622762489982,0.06358535933742988,0.028052364413572006
9765,0.09542743538767397,0.15904572564612326,0.7455268389662029
9860,0.19806114839671882,0.23519761372110362,0.5667412378821775
9695,0.23863843615804223,0.24538656674348813,0.5159749970984696
9794,0.8450286617908678,0.10515912235619687,0.04981221585293536
9717,0.15854770503220061,0.21969658895916944,0.6217557060086298
9673,0.7950178879024778,0.1261428382138598,0.07883927388366238
9620,0.07936507936507936,0.15873015873015872,0.7619047619047619
9811,0.8316008316008316,0.1185031185031185,0.04989604989604989
9774,0.8774082709534912,0.08614553932997915,0.03644618971652964
9602,0.08701472556894244,0.14725568942436412,0.7657295850066934
9948,0.7780921584478578,0.13561034761519808,0.08629749393694423
9581,0.09531917627782954,0.1657724804831818,0.7389083432389886
9754,0.14675907052588666,0.19078679168365267,0.6624541377904606
267569,0.46444121915820036,0.23802612481857766,0.29753265602322204
266989,0.1821247892074199,0.22765598650927488,0.5902192242833053
266357,0.06364617044228693,0.12729234088457386,0.8090614886731391
266669,0.892349416036044,0.07956782292988059,0.0280827610340755
267670,0.8807288790723358,0.08647156267255661,0.03279955825510768
266516,0.07936507936507936,0.15873015873015872,0.7619047619047619
267039,0.03644618971652964,0.08614553932997915,0.8774082709534912
266477,0.15854770503220061,0.21969658895916944,0.6217557060086298
267101,0.9174311926605506,0.05504587155963304,0.02752293577981652
266440,0.8485931219294327,0.10093791871371147,0.05046895935685573
266033,0.13636363636363635,0.1818181818181818,0.6818181818181818
266273,0.09514304723885564,0.17298735861610115,0.7318695941450433
267395,0.8754208754208753,0.08754208754208753,0.037037037037037035
266731,0.10052600818234952,0.1591661796220534,0.7403078121955972
266280,0.7780921584478578,0.13561034761519808,0.08629749393694423
267432,0.9083622762489982,0.06358535933742988,0.028052364413572006
267076,0.5316455696202531,0.23417721518987342,0.23417721518987342
267373,0.8007536504945832,0.14413565708902498,0.055110692416391896
266952,0.8325171400587659,0.11165523996082272,0.05582761998041136
266191,0.13633645604943193,0.20091688259916285,0.6627466613514053
267058,0.9152086137281292,0.05652759084791387,0.028263795423956933
69243,0.7030022330659168,0.1869985939955339,0.10999917293854934
69241,0.8826784726065301,0.08505810736026563,0.032263420033204204
69239,0.1566003616636528,0.21699819168173598,0.6264014466546112
69257,0.8328310777491644,0.11763738973206948,0.049531532518766096
69253,0.8513513513513513,0.10405405405405405,0.0445945945945946
69244,0.16805160418016393,0.24323258499760567,0.5887158108222303
69277,0.12462908011869436,0.20771513353115725,0.6676557863501484
69229,0.1453287197231834,0.22491349480968856,0.629757785467128
69219,0.12462908011869436,0.20771513353115725,0.6676557863501484
69250,0.8031206975676917,0.13423588802202846,0.06264341441027994
69242,0.9004237288135595,0.07203389830508476,0.02754237288135594
69298,0.12509307520476545,0.22338049143708116,0.6515264333581534
69259,0.375767498976668,0.2762996316004912,0.34793286942284074
69224,0.6728971962616822,0.20934579439252335,0.11775700934579439
69210,0.09383768055699887,0.1787384391561883,0.7274238802868128
69252,0.19759783029833397,0.25029058504455637,0.5521115846571096
69214,0.8566463944396178,0.1108601216333623,0.032493483927019985
69262,0.5059732958538299,0.26001405481377377,0.23401264933239635
69240,0.8206811653672549,0.11694706606483381,0.062371768567911365
69267,0.07823613086770981,0.17069701280227595,0.7510668563300142
69227,0.08604097189137686,0.1802763220581229,0.7336827060505002
69304,0.171161652671968,0.24773397097258523,0.5811043763554469
69307,0.0625,0.15625,0.78125
69271,0.78125,0.15625,0.0625
69270,0.10999917293854934,0.1869985939955339,0.7030022330659168
69303,0.8337420304070623,0.1108386463952918,0.0554193231976459
69245,0.3425418782233239,0.26166393475392796,0.39579418702274816
69260,0.6676557863501484,0.20771513353115725,0.12462908011869436
69246,0.12462908011869436,0.20771513353115725,0.6676557863501484
69302,0.8534466113149256,0.1104460320525198,0.03610735663255455
69274,0.17012054720303402,0.23391575240417176,0.5959637003927942
69283,0.10999917293854934,0.1869985939955339,0.7030022330659168
69291,0.12462908011869436,0.20771513353115725,0.6676557863501484
69236,0.8031206975676917,0.13423588802202846,0.06264341441027994
69272,0.08575197889182058,0.18865435356200527,0.725593667546174
69308,0.7786296118830858,0.14949688548155246,0.07187350263536177
69299,0.4471544715447154,0.2845528455284553,0.26829268292682923
69300,0.8513513513513513,0.10405405405405405,0.0445945945945946
69289,0.7271285034373347,0.18759915388683238,0.0852723426758329
69263,0.08537490720118782,0.1633259094283593,0.7512991833704529
70220,0.8699143468950747,0.0939507494646681,0.03613490364025696
69328,0.7512991833704529,0.1633259094283593,0.08537490720118782
69329,0.8025682182985554,0.12520064205457465,0.07223113964686999
70219,0.0495049504950495,0.1254125412541254,0.8250825082508252
69331,0.8856591347791528,0.0782332235721585,0.03610764164868854
69316,0.8784053564298657,0.08544488467090512,0.03614975889922909
69325,0.07234631350069183,0.15675034591816564,0.7709033405811425
69324,0.578368999421631,0.23423944476576056,0.18739155581260844
70225,0.8995624300396867,0.07265696550320547,0.027780604457107973
70223,0.12462908011869436,0.20771513353115725,0.6676557863501484
69333,0.8534466113149256,0.1104460320525198,0.03610735663255455
69264,0.06264341441027994,0.13423588802202846,0.8031206975676917
69343,0.8910212474297463,0.0726525017135024,0.0363262508567512
69319,0.12495729415784079,0.17039631021523746,0.7046463956269218
69334,0.39325842696629215,0.2696629213483146,0.33707865168539325
69327,0.8784053564298657,0.08544488467090512,0.03614975889922909
69315,0.07228915662650603,0.14457831325301207,0.783132530120482
69336,0.09957325746799431,0.1891891891891892,0.7112375533428165
69326,0.11062590975254732,0.19796215429403205,0.6914119359534208
69268,0.7512991833704529,0.1633259094283593,0.08537490720118782
69314,0.8868864121413328,0.08546359971543753,0.02764998814322979
69318,0.040875309661436834,0.10445912469033856,0.8546655656482247
69338,0.07790549169859515,0.1558109833971903,0.7662835249042146
70221,0.0625,0.15625,0.78125
266015,0.07234631350069183,0.15675034591816564,0.7709033405811425
70270,0.8941485864562789,0.07823800131492441,0.02761341222879685
70281,0.7865168539325843,0.1348314606741573,0.07865168539325842
70282,0.13373025745734066,0.2161921021250311,0.6500776404176282
266724,0.07234631350069183,0.15675034591816564,0.7709033405811425
70272,0.3276353276353276,0.2621082621082621,0.41025641025641024
70280,0.07228915662650603,0.14457831325301207,0.783132530120482
70297,0.8613971040649739,0.09389228434308217,0.04471061159194389
70259,0.8587155963302752,0.10495412844036697,0.0363302752293578
70260,0.8817025981205084,0.08576561636263129,0.03253178551686014
70287,0.09460630708713914,0.17201146743116208,0.7333822254816987
70275,0.1566003616636528,0.21699819168173598,0.6264014466546112
70286,0.7709033405811425,0.15675034591816564,0.07234631350069183
70309,0.8699143468950747,0.0939507494646681,0.03613490364025696
70300,0.5140066820868672,0.23515805705474174,0.2508352608583912
70295,0.10460863204096563,0.17117776152158012,0.7242136064374544
70271,0.794066317626527,0.1338568935427574,0.07207678883071553
70294,0.09375,0.15625,0.75
70262,0.07790549169859515,0.1558109833971903,0.7662835249042146
70292,0.08595988538681948,0.15759312320916904,0.7564469914040115
267368,0.9039900249376558,0.06327930174563591,0.03273067331670823
70301,0.8017715332926084,0.13515577275503968,0.06307269395235185
70298,0.1705035915676015,0.21657500083644532,0.6129214075959531
267138,0.09938837920489296,0.1452599388379205,0.7553516819571866
267520,0.8328310777491644,0.11763738973206948,0.049531532518766096
70289,0.14371257485029942,0.20758483033932135,0.6487025948103793
267675,0.15572519083969466,0.233587786259542,0.6106870229007634
70288,0.06264341441027994,0.13423588802202846,0.8031206975676917
266074,0.9039900249376558,0.06327930174563591,0.03273067331670823
266201,0.08519269776876268,0.13387423935091278,0.7809330628803246
70293,0.5429892624813857,0.23755780233560622,0.21945293518300807
70277,0.8699143468950747,0.0939507494646681,0.03613490364025696
266613,0.8328310777491644,0.11763738973206948,0.049531532518766096
266491,0.8784053564298657,0.08544488467090512,0.03614975889922909
265857,0.417910447761194,0.26865671641791045,0.3134328358208955
266883,0.08595988538681948,0.15759312320916904,0.7564469914040115
266603,0.07865168539325842,0.1348314606741573,0.7865168539325843
265837,0.12477064220183487,0.1871559633027523,0.6880733944954128
266462,0.07790549169859515,0.1558109833971903,0.7662835249042146
267183,0.5739795918367347,0.21301020408163263,0.21301020408163263
265835,0.7809330628803246,0.13387423935091278,0.08519269776876268
265963,0.920350710399831,0.05630380816563672,0.0233454814345323
266117,0.8337420304070623,0.1108386463952918,0.0554193231976459
70264,0.07322929171668667,0.14645858343337334,0.78031212484994
265896,0.8513513513513513,0.10405405405405405,0.0445945945945946
266406,0.18603995034420495,0.22147613136214872,0.5924839182936462
267085,0.41186161449752884,0.2613948380010983,0.32674354750137286
266045,0.9083622762489982,0.06358535933742988,0.028052364413572006
266240,0.10547184773988898,0.18080888183980967,0.7137192704203014
267597,0.7913043478260869,0.13565217391304346,0.07304347826086957
266794,0.05011626483906498,0.1360298617060335,0.8138538734549015
267343,0.05619056766881183,0.12736528671597347,0.8164441456152147
266525,0.7837283075200598,0.13659264788206757,0.07967904459787274
266560,0.15854770503220061,0.21969658895916944,0.6217557060086298
266921,0.8513513513513513,0.10405405405405405,0.0445945945945946
266741,0.9083622762489982,0.06358535933742988,0.028052364413572006
266967,0.05024630541871921,0.11231527093596058,0.8374384236453203
266770,0.06364617044228693,0.12729234088457386,0.8090614886731391
266142,0.18737407656145066,0.20819341840161182,0.6044325050369376
3825848,0.39999205971097346,0.30709067810068286,0.2929172621883437
3825895,0.288135593220339,0.2796610169491525,0.43220338983050843
3825876,0.19022379269729095,0.2502944640753828,0.5594817432273262
3825849,0.4901960784313726,0.2549019607843137,0.2549019607843137
3825817,0.4532775453277545,0.2928870292887029,0.25383542538354253
3825777,0.43220338983050843,0.288135593220339,0.2796610169491525
3825740,0.5182625863770978,0.27097729516288255,0.21076011846001974
3825875,0.5533013648100332,0.2552563629656953,0.1914422722242715
3825884,0.6340391980175715,0.2196440639783735,0.14631673800405498
3825896,0.4830216088614491,0.26911203922280735,0.24786635191574358
3825841,0.6175562417291575,0.22496691662990734,0.15747684164093514
3825840,0.5902192242833053,0.22765598650927488,0.1821247892074199
3825837,0.4545454545454546,0.27272727272727276,0.27272727272727276
3825897,0.3532608695652174,0.29347826086956524,0.3532608695652174
3825833,0.10052600818234952,0.1591661796220534,0.7403078121955972
3825830,0.627062706270627,0.24752475247524752,0.1254125412541254
3825831,0.42834645669291344,0.2771653543307087,0.29448818897637796
3825827,0.45925577013659924,0.2896844088553933,0.25105982100800756
3825824,0.30778515389257693,0.3180446590223295,0.3741701870850936
3825823,0.5883926183471516,0.23829901043059643,0.17330837122225196
3825822,0.39999205971097346,0.2929172621883437,0.30709067810068286
3825820,0.7151598592626587,0.17293865687624294,0.11190148386109836
3825818,0.5696460056964601,0.2718025227180252,0.15855147158551472
3825816,0.5533013648100332,0.2552563629656953,0.1914422722242715
3825815,0.36383263698698604,0.2944245647002379,0.34174279831277615
3825809,0.4543429844097996,0.28062360801781744,0.26503340757238314
3825810,0.6086603675149267,0.25482580719958264,0.1365138252854907
3825867,0.25089605734767023,0.27240143369175623,0.4767025089605735
3825805,0.5875440658049352,0.25381903642773207,0.15863689776733253
3825782,0.33009708737864074,0.29708737864077667,0.37281553398058254
3825801,0.6803939122649956,0.20053715308863027,0.11906893464637423
3825798,0.13633645604943193,0.20091688259916285,0.6627466613514053
3825796,0.4652011310772599,0.2804889172671714,0.25430995165556874
3825794,0.5700202398490961,0.2644260557077751,0.16555370444312875
3825786,0.5446293494704992,0.264750378214826,0.19062027231467474
3825773,0.5281969817315331,0.27164416203335984,0.20015885623510724
3825776,0.7147962830593281,0.1901358112937813,0.09506790564689065
3825775,0.6180910495661476,0.23641982645905146,0.1454891239748009
3825678,0.12727272727272726,0.19090909090909092,0.6818181818181818
3825643,0.8722333310349583,0.08643039371164588,0.04133627525339585
3825612,0.48657187993680884,0.287519747235387,0.22590837282780407
3825572,0.8678237650200267,0.09546061415220294,0.036715620827770364
3825707,0.4674220963172805,0.28328611898017003,0.2492917847025496
3825702,0.39616613418530355,0.2971246006389776,0.30670926517571884
3825699,0.25339366515837103,0.27149321266968324,0.4751131221719457
3825697,0.5717651950932151,0.2546261002148451,0.17360870469193984
3825694,0.3872529245663574,0.2964905203711174,0.3162565550625252
3825695,0.19154228855721392,0.2280265339966832,0.5804311774461027
3825690,0.44134505158578524,0.28754298815437523,0.2711119602598395
3825691,0.4540461369461735,0.3075796411570853,0.23837422189674112
3825688,0.3324808184143222,0.29923273657289,0.3682864450127877
3825683,0.5155482815057284,0.27250409165302786,0.2119476268412439
3825681,0.8677685950413222,0.08677685950413223,0.04545454545454545
3825677,0.5429892624813857,0.23755780233560622,0.21945293518300807
3825676,0.31654676258992803,0.2877697841726619,0.3956834532374101
3825670,0.4652011310772599,0.2804889172671714,0.25430995165556874
3825667,0.6245817532902074,0.23890252063350434,0.13651572607628817
3825664,0.3608748481166464,0.28760631834750905,0.3515188335358444
3825888,0.6515264333581534,0.22338049143708116,0.12509307520476545
3825660,0.7318695941450432,0.17298735861610112,0.09514304723885562
3825661,0.2642135841748513,0.23779222575736617,0.49799419006778256
3825652,0.3463687150837989,0.30726256983240224,0.3463687150837989
3825899,0.29753038024304196,0.28851430811446493,0.4139553116424932
3825647,0.6613756613756613,0.21164021164021163,0.12698412698412698
3825637,0.8551239929789819,0.094918763220667,0.049957243800351055
3825628,0.4407039020657996,0.2960979342004591,0.26319816373374144
3825619,0.2202378731817827,0.28047940908150565,0.4992827177367116
3825618,0.4552980132450331,0.2897350993377484,0.25496688741721857
3825584,0.2714007782101167,0.306420233463035,0.42217898832684825
3825570,0.49919322307382,0.2889269866881807,0.21187979023799916
3825904,0.45434298440979953,0.2650334075723831,0.2806236080178174
3825901,0.7879656160458453,0.12607449856733524,0.08595988538681948
3825893,0.7780921584478578,0.13561034761519808,0.08629749393694423
3825892,0.39616613418530355,0.30670926517571884,0.2971246006389776
3825879,0.10047846889952154,0.18181818181818185,0.7177033492822967
3825874,0.661129263749351,0.2198674687757657,0.11900326747488318
3825873,0.43220338983050843,0.288135593220339,0.2796610169491525
3825864,0.19069369112189552,0.2383671139023694,0.5709391949757351
3825859,0.5925155925155925,0.24948024948024947,0.15800415800415799
3825856,0.8025682182985554,0.12520064205457465,0.07223113964686999
3825853,0.3311067603362892,0.2542899919382701,0.4146032477254405
3825653,0.4532775453277545,0.2928870292887029,0.25383542538354253
3825766,0.3621113427484446,0.30721059078335783,0.33067806646819764
3825764,0.07936507936507936,0.15873015873015872,0.7619047619047619
3825756,0.7147962830593281,0.1901358112937813,0.09506790564689065
3825750,0.5717651950932151,0.2546261002148451,0.17360870469193984
3825753,0.6613756613756613,0.21164021164021163,0.12698412698412698
3825749,0.39999205971097346,0.30709067810068286,0.2929172621883437
3825746,0.10040295500335795,0.1658831430490262,0.7337139019476159
3825742,0.3621113427484446,0.30721059078335783,0.33067806646819764
3825735,0.659577101402363,0.22087454896845873,0.1195483496291783
3825730,0.42307692307692313,0.2884615384615385,0.2884615384615385
3825725,0.48908296943231444,0.2724890829694323,0.23842794759825325
3825720,0.3979853841595892,0.29389689907169664,0.3081177167687142
3825717,0.22010344200803078,0.2647355288596593,0.5151610291323099
3825718,0.15854770503220061,0.21969658895916944,0.6217557060086298
3825713,0.5223880597014926,0.26865671641791045,0.208955223880597
3825710,0.8562415502478594,0.09418657052726455,0.049571879224876075
3825646,0.4247957712638154,0.2811148486304661,0.2940893801057184
3825645,0.09531917627782954,0.1657724804831818,0.7389083432389886
3825640,0.3621665319320938,0.2976556184316896,0.34017784963621667
3825639,0.2726406101048618,0.2936129647283127,0.43374642516682554
3825634,0.41401273885350315,0.2929936305732484,0.2929936305732484
3825625,0.8795411089866157,0.07915869980879542,0.041300191204588915
3825624,0.26503340757238314,0.28062360801781744,0.4543429844097996
3825617,0.23779222575736617,0.2642135841748513,0.49799419006778256
3825604,0.6598240469208211,0.21260997067448678,0.12756598240469208
3825591,0.6340391980175715,0.2196440639783735,0.14631673800405498
3825590,0.8997369999538595,0.06358141466340607,0.03668158538273428
3825582,0.41395531164249316,0.2885143081144649,0.2975303802430419
3825580,0.20076481835564056,0.25430210325047803,0.5449330783938815
3825577,0.46444121915820036,0.29753265602322204,0.23802612481857766
3825575,0.49919322307382,0.2889269866881807,0.21187979023799916
3825568,0.3403141361256544,0.2931937172774869,0.3664921465968586
266498,0.8997369999538595,0.06358141466340607,0.03668158538273428
266986,0.04562584118438762,0.10646029609690444,0.8479138627187081
267533,0.6118665018541408,0.21347342398022248,0.1746600741656366
267611,0.8774082709534912,0.08614553932997915,0.03644618971652964
267274,0.10612244897959185,0.15918367346938778,0.7346938775510204
266885,0.8858734297226831,0.07291419767717469,0.04121237260014221
267506,0.03644618971652964,0.08614553932997915,0.8774082709534912
266664,0.1566003616636528,0.21699819168173598,0.6264014466546112
266106,0.1109874826147427,0.17969401947148816,0.7093184979137691
266620,0.9083622762489982,0.06358535933742988,0.028052364413572006
266056,0.09489051094890512,0.14598540145985403,0.759124087591241
267327,0.8910212474297463,0.0726525017135024,0.0363262508567512
266160,0.06364617044228693,0.12729234088457386,0.8090614886731391
265839,0.8206811653672549,0.11694706606483381,0.062371768567911365
266424,0.39069767441860465,0.2604651162790697,0.34883720930232553
267273,0.06364617044228693,0.12729234088457386,0.8090614886731391
266490,0.8889797169570326,0.07852654166453787,0.03249374137842947
266557,0.8377135348226018,0.10611038107752954,0.05617608409986859
68316,0.7963083959490362,0.14211042143090494,0.0615811826200588
68313,0.6928406466512702,0.20477290223248654,0.10238645111624327
68315,0.7412398921832885,0.17789757412398924,0.08086253369272237
69153,0.1540496425958237,0.27185231046321834,0.5740980469409579
68318,0.6825012084317008,0.21436527562750882,0.10313351594079034
69172,0.722543352601156,0.18497109826589594,0.09248554913294797
68322,0.10313351594079034,0.21436527562750882,0.6825012084317008
68324,0.8132260947274352,0.14262734584450404,0.04414655942806076
68320,0.23792379237923794,0.27452745274527457,0.48754875487548754
68339,0.20549581839904416,0.25686977299880526,0.5376344086021505
68351,0.1844294255263842,0.2794385235248245,0.5361320509487912
68317,0.6965944272445821,0.20588235294117646,0.09752321981424149
68325,0.1375921375921376,0.22358722358722358,0.6388206388206388
68321,0.7159005275056518,0.18613413715146948,0.09796533534287867
68319,0.3780425117461921,0.27998773526202353,0.34196975299178445
69179,0.2570093457943925,0.2803738317757009,0.4626168224299065
68334,0.3569296375266524,0.29936034115138593,0.3437100213219616
69162,0.7759784075573549,0.16194331983805668,0.06207827260458839
68335,0.5395099789063768,0.26513061820541944,0.19535940288820378
68332,0.337909186906019,0.29039070749736007,0.3717001055966209
68330,0.3717001055966209,0.29039070749736007,0.337909186906019
68329,0.5890052356020942,0.2568717277486911,0.15412303664921465
69155,0.21553351646638655,0.27448827244101587,0.5099782110925977
69156,0.7963083959490362,0.14211042143090494,0.0615811826200588
69159,0.7600722865950887,0.1685978526629106,0.07132986074200064
69160,0.15383394189553895,0.24289569772979833,0.6032703603746626
68331,0.6443298969072165,0.23195876288659795,0.12371134020618557
68328,0.6021623101135898,0.23032708361844806,0.16751060626796224
68327,0.722543352601156,0.18497109826589594,0.09248554913294797
69157,0.7600722865950887,0.1685978526629106,0.07132986074200064
15978,0.13636363636363635,0.1818181818181818,0.6818181818181818
16029,0.7147962830593281,0.1584465094114844,0.1267572075291875
16190,0.2724890829694323,0.23842794759825325,0.48908296943231444
16120,0.11896034655114963,0.18127290903032325,0.6997667444185273
16182,0.8314855875831485,0.10532150776053213,0.06319290465631928
16215,0.13513513513513511,0.1891891891891892,0.6756756756756757
16265,0.78031212484994,0.14645858343337334,0.07322929171668667
15946,0.8592119798698906,0.09537252976555788,0.045415490364551364
16157,0.7468414216554493,0.1662533947337348,0.08690518361081592
16056,0.794066317626527,0.1338568935427574,0.07207678883071553
16289,0.7729729729729731,0.14270270270270272,0.08432432432432432
16079,0.7657295850066934,0.14725568942436412,0.08701472556894244
16149,0.09593652320269296,0.1827362346717961,0.7213272421255109
16275,0.13636363636363635,0.1818181818181818,0.6818181818181818
15973,0.8807288790723358,0.08647156267255661,0.03279955825510768
16317,0.2635228848821082,0.23717059639389737,0.49930651872399445
16131,0.8490566037735848,0.10566037735849056,0.045283018867924525
16095,0.1043338683788122,0.14446227929373998,0.7512038523274479
16306,0.6217557060086298,0.21969658895916944,0.15854770503220061
15986,0.8698599186624492,0.08540442837776775,0.0447356529597831
16240,0.1814595660749507,0.22682445759368838,0.591715976331361
16023,0.1989141735012129,0.22496245812637172,0.5761233683724154
16196,0.3489558271581176,0.2593590607256279,0.3916851121162544
15956,0.055797845048742946,0.12647511544381734,0.8177270395074399
69146,0.33539731682146534,0.2889576883384932,0.3756449948400412
69151,0.11775700934579439,0.20934579439252335,0.6728971962616822
68360,0.8379888268156424,0.11731843575418995,0.04469273743016759
69178,0.15572307081928186,0.249156913310851,0.595120015869867
68364,0.22370012091898434,0.2684401451027812,0.5078597339782346
69187,0.7673704771649149,0.17021672402567203,0.06241279880941307
68363,0.13373025745734066,0.2161921021250311,0.6500776404176282
69166,0.78125,0.15625,0.0625
68366,0.595120015869867,0.249156913310851,0.15572307081928186
69148,0.5634861006761833,0.2494365138993238,0.18707738542449287
69182,0.24929178470254953,0.28328611898017,0.4674220963172804
68361,0.41746111389864526,0.29352734570998495,0.28901154039136984
69141,0.5634861006761833,0.2494365138993238,0.18707738542449287
69145,0.26829268292682923,0.2845528455284553,0.4471544715447154
69225,0.5970774629445346,0.24668726758497875,0.15623526947048655
69217,0.7003891050583657,0.1961089494163424,0.10350194552529182
69273,0.15572519083969466,0.233587786259542,0.6106870229007634
69223,0.13373025745734066,0.2161921021250311,0.6500776404176282
69195,0.1454891239748009,0.23641982645905146,0.6180910495661476
69251,0.23355025307302962,0.27476500361532896,0.49168474331164125
69171,0.2785145888594165,0.27055702917771884,0.4509283819628648
69249,0.37815975733063706,0.27805864509605666,0.3437815975733064
69207,0.78125,0.15625,0.0625
69228,0.2245508982035928,0.25149700598802394,0.5239520958083832
69279,0.8032128514056226,0.14457831325301207,0.05220883534136546
69230,0.11775700934579439,0.20934579439252335,0.6728971962616822
69149,0.6175562417291575,0.22496691662990734,0.15747684164093514
303731,0.783132530120482,0.14457831325301207,0.07228915662650603
303596,0.553479255940787,0.22666293338527463,0.21985781067393842
303430,0.7296439901304195,0.16496298907296442,0.10539302079661615
303725,0.21739405199762382,0.2353290612874278,0.5472768867149485
303504,0.10539302079661615,0.16496298907296442,0.7296439901304195
303451,0.8325171400587659,0.11165523996082272,0.05582761998041136
303664,0.1814595660749507,0.22682445759368838,0.591715976331361
303682,0.8314855875831485,0.10532150776053213,0.06319290465631928
303400,0.1901023416131962,0.21951771548867918,0.5903799428981247
303634,0.8267477203647416,0.11781155015197567,0.05544072948328267
303421,0.1705035915676015,0.21657500083644532,0.6129214075959531
303680,0.09884141926140477,0.1788559015206372,0.7223026792179579
303479,0.7151598592626587,0.17293865687624294,0.11190148386109836
303600,0.8447536353175019,0.09959200753216865,0.05565435715032954
303548,0.09477208344063869,0.16482101467937163,0.7404069018799897
303674,0.2775479503572772,0.2621286197818729,0.46032342986085
303470,0.4308880308880309,0.2633204633204634,0.3057915057915058
303700,0.15789473684210528,0.2105263157894737,0.6315789473684211
303707,0.23725953425582186,0.249746878164023,0.5129935875801553
303666,0.09514304723885564,0.17298735861610115,0.7318695941450433
303377,0.6803939122649956,0.20053715308863027,0.11906893464637423
303517,0.8490566037735848,0.10566037735849056,0.045283018867924525
303610,0.8177270395074399,0.12647511544381734,0.055797845048742946
303473,0.6363636363636365,0.2272727272727273,0.13636363636363638
3773386,0.14530005310674457,0.19883165161975572,0.6558682952734998
3773565,0.1453287197231834,0.17993079584775085,0.6747404844290658
3773631,0.1643835616438356,0.20547945205479454,0.6301369863013698
3773665,0.16363636363636366,0.2090909090909091,0.6272727272727273
3773497,0.3384972889233152,0.249419054996127,0.4120836560805577
3773660,0.7780921584478578,0.13561034761519808,0.08629749393694423
3773593,0.6217557060086298,0.21969658895916944,0.15854770503220061
3773585,0.47368421052631576,0.2631578947368421,0.2631578947368421
3773552,0.14530005310674457,0.19883165161975572,0.6558682952734998
3773672,0.6018171661844011,0.2182108431661685,0.17997199064943042
3773587,0.19953596287703013,0.24941995359628769,0.5510440835266821
3773377,0.730136005726557,0.15819613457408735,0.11166785969935578
3773586,0.8267477203647416,0.11781155015197567,0.05544072948328267
3773387,0.07892976588628761,0.11839464882943143,0.802675585284281
3773695,0.13477477477477479,0.17153153153153156,0.6936936936936937
3773369,0.8012162051113485,0.12605801627085214,0.07272577861779932
3773661,0.7612985359643539,0.16549968173138127,0.0732017823042648
3773597,0.263607257203842,0.2497331910352187,0.4866595517609391
3773523,0.5968169761273209,0.21220159151193632,0.19098143236074272
3773571,0.1343480169764379,0.17415483682130836,0.6914971462022538
3773428,0.11173184357541902,0.18994413407821234,0.6983240223463688
3773526,0.7377049180327869,0.15737704918032788,0.10491803278688525
3773474,0.8450286617908678,0.10515912235619687,0.04981221585293536
3773625,0.2968388589051658,0.27139552814186585,0.4317656129529684
3773547,0.7564469914040115,0.15759312320916904,0.08595988538681948
3773415,0.8102212527267061,0.11748208164537238,0.07229666562792146
3764440,0.8450286617908678,0.10515912235619687,0.04981221585293536
3773689,0.20910563253554074,0.2240417491452222,0.5668526183192371
3773477,0.6818181818181818,0.19090909090909092,0.12727272727272726
3754217,0.3973509933774835,0.27814569536423844,0.3245033112582782
3754117,0.149527200163269,0.23141114310982105,0.6190616567269098
3754296,0.3973509933774835,0.27814569536423844,0.3245033112582782
3753983,0.19580419580419584,0.24475524475524477,0.5594405594405595
3754160,0.7609013754755634,0.16359379572724614,0.07550482879719053
3754129,0.5594405594405595,0.24475524475524477,0.19580419580419584
3754309,0.2642238998342847,0.2717731541152642,0.46400294605045117
3754047,0.674237047551455,0.20440028388928316,0.1213626685592619
3754058,0.5127043318187702,0.2611374063396936,0.22615826184153603
3754245,0.478231748158071,0.28834561286001337,0.23342263898191556
3754136,0.4765957446808511,0.27914893617021275,0.24425531914893614
3754037,0.4871794871794872,0.25641025641025644,0.25641025641025644
3754039,0.43349753694581283,0.29556650246305427,0.27093596059113306
3754041,0.8341511285574091,0.10843964671246317,0.057409224730127564
3754042,0.4054054054054055,0.2702702702702703,0.32432432432432434
3754043,0.6361646262244228,0.2247879626150963,0.13904741116048097
3754045,0.22608881624173174,0.24474114358167462,0.5291700401765936
3754048,0.33689024390243905,0.28734756097560976,0.3757621951219512
3754049,0.6264014466546112,0.21699819168173598,0.1566003616636528
3754050,0.39001143728555093,0.2954632100648113,0.3145253526496378
3754052,0.43349753694581283,0.29556650246305427,0.27093596059113306
3754053,0.13043478260869565,0.21739130434782608,0.6521739130434783
3754055,0.4871794871794872,0.25641025641025644,0.25641025641025644
3754226,0.17713064386855465,0.24979962596847452,0.5730697301629709
3754255,0.6969919295671314,0.20542920029347028,0.0975788701393984
3754278,0.4645476772616137,0.2787286063569682,0.2567237163814181
3753979,0.6185111552904793,0.24276562845151314,0.1387232162580075
3753972,0.5115089514066496,0.2713839158851947,0.21710713270815574
3753978,0.478231748158071,0.28834561286001337,0.23342263898191556
3753974,0.2968388589051658,0.27139552814186585,0.4317656129529684
3753993,0.39001143728555093,0.2954632100648113,0.3145253526496378
3754038,0.1630716134598792,0.23295944779982744,0.6039689387402933
3754001,0.1630716134598792,0.23295944779982744,0.6039689387402933
3754029,0.674237047551455,0.20440028388928316,0.1213626685592619
3753995,0.5330932012606935,0.2636650157586673,0.2032417829806394
3753999,0.1630716134598792,0.23295944779982744,0.6039689387402933
3754017,0.3264840182648402,0.29680365296803657,0.3767123287671233
3754006,0.33689024390243905,0.28734756097560976,0.3757621951219512
3754023,0.4428364688856729,0.2706222865412446,0.2865412445730825
3753984,0.7151112395261485,0.17682750650101128,0.10806125397284022
3754010,0.39001143728555093,0.2954632100648113,0.3145253526496378
3754028,0.6111790721746495,0.22583984191211068,0.16298108591323987
3753996,0.696594427244582,0.19504643962848295,0.10835913312693496
3754025,0.733048259010385,0.1857055589492975,0.08124618204031767
3754068,0.4228624535315985,0.2992565055762082,0.2778810408921933
3754040,0.5855024502004709,0.2444472729586966,0.1700502768408324
3754074,0.35356969402622634,0.29917435648373,0.34725594949004374
3754076,0.3053892215568862,0.2874251497005988,0.40718562874251496
3754067,0.4864864864864865,0.2702702702702703,0.24324324324324326
3754079,0.7844827586206897,0.1400862068965517,0.07543103448275863
3754083,0.7165190203230849,0.19489317352787913,0.08858780614903597
3754077,0.7600318894499071,0.1508370980600585,0.08913101249003456
3754060,0.3625285605483625,0.2878903274942879,0.3495811119573496
3754073,0.7131622220633446,0.18474297562021877,0.1020948023164367
3754085,0.3602388749759199,0.28607204777499523,0.35368907724908505
3754051,0.2314540059347181,0.2700296735905045,0.49851632047477756
3754093,0.3757621951219512,0.28734756097560976,0.33689024390243905
3754046,0.4665629860031104,0.2721617418351478,0.26127527216174184
3754072,0.335407327253053,0.29475189364662235,0.3698407791003246
3754082,0.6521739130434783,0.21739130434782608,0.13043478260869565
3754106,0.5127043318187702,0.2611374063396936,0.22615826184153603
3754099,0.5335230304108126,0.27120754045882983,0.19526942913035747
3754098,0.46296296296296297,0.2777777777777778,0.2592592592592593
3754057,0.6803939122649956,0.20053715308863027,0.11906893464637423
3754112,0.34020618556701027,0.2969072164948453,0.36288659793814426
3754054,0.7913043478260869,0.13565217391304346,0.07304347826086957
3754113,0.6521739130434783,0.21739130434782608,0.13043478260869565
3754105,0.3145253526496378,0.2954632100648113,0.39001143728555093
3754102,0.374885145482389,0.286676875957121,0.33843797856049007
3754115,0.7329742821632302,0.1695401383090602,0.09748557952770963
3754148,0.2260760349741558,0.2719192309550263,0.5020047340708178
3754169,0.5766710353866318,0.24508519003931847,0.1782437745740498
3754174,0.21621621621621623,0.24324324324324326,0.5405405405405406
3754119,0.3757621951219512,0.28734756097560976,0.33689024390243905
3754126,0.674237047551455,0.20440028388928316,0.1213626685592619
3754133,0.48837209302325585,0.27906976744186046,0.23255813953488372
3754167,0.7561436672967865,0.1625708884688091,0.08128544423440455
3754145,0.1700502768408324,0.2444472729586966,0.5855024502004709
3754143,0.17014536554838933,0.2259436147582537,0.6039110196933571
3754130,0.4741767764298094,0.27001733102253034,0.2558058925476603
3754188,0.3625285605483625,0.2878903274942879,0.3495811119573496
3754178,0.3551797040169133,0.29598308668076106,0.34883720930232553
3754157,0.33720494567253656,0.2716373173473211,0.3911577369801424
3754166,0.4665629860031104,0.26127527216174184,0.2721617418351478
3754211,0.33875338753387535,0.2710027100271003,0.39024390243902446
3754218,0.3767123287671233,0.29680365296803657,0.3264840182648402
3754205,0.1630716134598792,0.23295944779982744,0.6039689387402933
3754198,0.39252336448598135,0.2803738317757009,0.32710280373831774
3754193,0.7329742821632302,0.1695401383090602,0.09748557952770963
3754222,0.4864864864864865,0.2702702702702703,0.24324324324324326
3754213,0.35602094240837695,0.28795811518324604,0.35602094240837695
3754212,0.6361646262244228,0.2247879626150963,0.13904741116048097
3754197,0.2323303457106274,0.25678617157490397,0.5108834827144687
3754208,0.5766710353866318,0.24508519003931847,0.1782437745740498
3754204,0.5133945804060835,0.2801667567358913,0.20643866285802517
3754194,0.37433155080213903,0.27807486631016043,0.3475935828877006
3754219,0.3812824956672444,0.29462738301559793,0.3240901213171577
3754230,0.4741767764298094,0.27001733102253034,0.2558058925476603
3754285,0.36158592090624053,0.2926064529179731,0.34580762617578636
3754233,0.1945459657014338,0.2431824571267922,0.5622715771717739
3754237,0.49813466563676106,0.27753217085476684,0.22433316350847204
3754257,0.1784778238632026,0.23372095982086052,0.5878012163159367
3754266,0.39001143728555093,0.2954632100648113,0.3145253526496378
3754288,0.24366984544557713,0.25649457415323906,0.4998355804011839
3754238,0.43391066545123064,0.2789425706472197,0.2871467639015497
3754234,0.2871467639015497,0.2789425706472197,0.43391066545123064
3754246,0.8130081300813008,0.1219512195121951,0.06504065040650406
3754273,0.3757621951219512,0.28734756097560976,0.33689024390243905
3754263,0.4428364688856729,0.2706222865412446,0.2865412445730825
3754268,0.48837209302325585,0.27906976744186046,0.23255813953488372
3754286,0.4521801543154494,0.27776780907949034,0.2700520366050601
3754291,0.2592592592592593,0.2777777777777778,0.46296296296296297
3754283,0.61906165672691,0.2314111431098211,0.14952720016326904
3754235,0.4765957446808511,0.27914893617021275,0.24425531914893614
3754279,0.5034716509263221,0.282832603902728,0.21369574517095002
3754276,0.7151112395261485,0.17682750650101128,0.10806125397284022
3754287,0.6613756613756613,0.21164021164021163,0.12698412698412698
3754259,0.46379853095487933,0.28646379853095494,0.24973767051416584
3754335,0.42478852519308574,0.27914674512688487,0.29606472968002945
3754298,0.425,0.2875,0.2875
3754315,0.40718562874251496,0.2874251497005988,0.3053892215568862
3754337,0.4765957446808511,0.27914893617021275,0.24425531914893614
3754301,0.13904741116048094,0.22478796261509623,0.6361646262244227
3754323,0.43391066545123064,0.2789425706472197,0.2871467639015497
3754304,0.5730697301629708,0.24979962596847446,0.17713064386855462
3754311,0.3982618552805592,0.28698280748157945,0.3147553372378613
3754328,0.7491486946651532,0.1623155505107832,0.08853575482406358
3754325,0.30487804878048785,0.30487804878048785,0.39024390243902446
3754329,0.43391066545123064,0.2789425706472197,0.2871467639015497
3754302,0.5594405594405595,0.24475524475524477,0.19580419580419584
3754013,0.30525143811467803,0.27908702913341993,0.415661532751902
3754351,0.5821375682990348,0.25583414185773373,0.16202828984323137
3754343,0.49868766404199477,0.25065616797900264,0.25065616797900264
3754109,0.61906165672691,0.2314111431098211,0.14952720016326904
3754182,0.337174159425765,0.2793728749527767,0.3834529656214583
3754336,0.24324324324324326,0.2702702702702703,0.4864864864864865
3754156,0.5268833769835156,0.25650901247881686,0.21660761053766756
3754265,0.5622715771717739,0.2431824571267922,0.1945459657014338
3754000,0.20454545454545456,0.2556818181818182,0.5397727272727273
3754344,0.5020047340708178,0.2719192309550263,0.2260760349741558
3754131,0.40920716112531963,0.2864450127877238,0.3043478260869565
3754300,0.5730697301629708,0.24979962596847446,0.17713064386855462
3754312,0.1858447299921497,0.2501755980663554,0.5639796719414948
3754138,0.3812824956672444,0.29462738301559793,0.3240901213171577
3754203,0.43391066545123064,0.2789425706472197,0.2871467639015497
3754190,0.5253859743451877,0.26999001459405486,0.20462401106075737
3754066,0.46296296296296297,0.2777777777777778,0.2592592592592593
3754034,0.5020047340708178,0.2719192309550263,0.2260760349741558
3753987,0.3721734553861769,0.2718933854626792,0.3559331591511437
3754189,0.3488372093023256,0.2959830866807611,0.35517970401691334
3754180,0.24502402196293757,0.2882635552505148,0.46671242278654773
3754059,0.15066263659614043,0.24482678446872821,0.6045105789351314
3754064,0.3722005139043043,0.2879080445789177,0.33989144151677786
3754065,0.5574572127139364,0.2567237163814181,0.1858190709046455
3754173,0.674237047551455,0.20440028388928316,0.1213626685592619
3754175,0.46267087276550994,0.29442691903259727,0.24290220820189273
3753973,0.5574572127139364,0.2567237163814181,0.1858190709046455
3753975,0.3244274809160305,0.28625954198473286,0.3893129770992367
3753976,0.7168214090660842,0.18569087930092845,0.09748771163298746
3753980,0.3608247422680412,0.2783505154639175,0.3608247422680412
3753981,0.30388321725026235,0.29920809083102756,0.39690869191871
3753982,0.43391066545123064,0.2871467639015497,0.2789425706472197
3753988,0.49813466563676106,0.27753217085476684,0.22433316350847204
3753989,0.5594405594405595,0.24475524475524477,0.19580419580419584
3753990,0.21621621621621623,0.24324324324324326,0.5405405405405406
3753991,0.3722005139043043,0.2879080445789177,0.33989144151677786
3753992,0.47730749617542073,0.27180010198878124,0.2508924018357981
3753994,0.7151112395261485,0.17682750650101128,0.10806125397284022
3753997,0.5133945804060835,0.2801667567358913,0.20643866285802517
3753998,0.2706222865412446,0.2865412445730825,0.4428364688856729
3754002,0.6196606148865091,0.22468063865399984,0.1556587464594911
3754004,0.5115089514066496,0.2713839158851947,0.21710713270815574
3754009,0.7292327203551047,0.16867469879518074,0.10209258084971465
3754012,0.33539731682146534,0.2889576883384932,0.3756449948400412
3754016,0.6106870229007634,0.233587786259542,0.15572519083969466
3754018,0.31472461596103407,0.27875608842263017,0.4065192956163357
3754021,0.4864864864864865,0.2702702702702703,0.24324324324324326
3754022,0.4603234298608499,0.27754795035727714,0.26212861978187285
3754024,0.425,0.2875,0.2875
3754027,0.7131622220633446,0.18474297562021877,0.1020948023164367
3754030,0.27687804878048783,0.28526829268292686,0.43785365853658537
3754033,0.5115089514066496,0.24424552429667523,0.24424552429667523
3754035,0.7073247406475951,0.1881483810122603,0.10452687834014461
3754036,0.3920829406220546,0.3016022620169651,0.30631479736098016
3754062,0.6756756756756758,0.21621621621621623,0.10810810810810811
3754063,0.5737166863594592,0.2566627281081791,0.16962058553236184
3754069,0.7600318894499071,0.1508370980600585,0.08913101249003456
3754070,0.17082640044370492,0.23386947679792935,0.5953041227583656
3754071,0.5426356589147288,0.2713178294573644,0.18604651162790697
3754075,0.15057333531200648,0.2260338751796864,0.623392789508307
3754080,0.6519243436529595,0.22583984191211068,0.12223581443492991
3754084,0.46267087276550994,0.29442691903259727,0.24290220820189273
3754086,0.623392789508307,0.2260338751796864,0.15057333531200648
3754087,0.3893129770992367,0.28625954198473286,0.3244274809160305
3754089,0.39871625448367,0.2960166131772702,0.30526713233905983
3754092,0.3559331591511437,0.2718933854626792,0.3721734553861769
3754095,0.12192963044921443,0.20535516707236112,0.6727152024784244
3754100,0.4645476772616137,0.2787286063569682,0.2567237163814181
3754101,0.3053892215568862,0.2874251497005988,0.40718562874251496
3754103,0.22433316350847204,0.27753217085476684,0.49813466563676106
3754108,0.32450331125827814,0.2781456953642384,0.39735099337748336
3754110,0.1945459657014338,0.2431824571267922,0.5622715771717739
3754111,0.4676258992805755,0.2805755395683453,0.2517985611510792
3754114,0.2567237163814181,0.2787286063569682,0.4645476772616137
3754116,0.2513863216266174,0.27726432532347506,0.47134935304990755
3754118,0.7168214090660842,0.18569087930092845,0.09748771163298746
3754120,0.5650328476033415,0.2572386385141528,0.1777285138825056
3754121,0.39593908629441626,0.2899492385786802,0.3141116751269035
3754123,0.5405405405405406,0.24324324324324326,0.21621621621621623
3754125,0.5338278264778602,0.2605079793211958,0.20566419420094403
3754137,0.3625285605483625,0.2878903274942879,0.3495811119573496
3754139,0.30631479736098016,0.3016022620169651,0.3920829406220546
3754140,0.34908415184496944,0.27926732147597555,0.37164852667905496
3754142,0.6340730852661439,0.20423827799098948,0.16168863674286668
3754144,0.26127527216174184,0.2721617418351478,0.4665629860031104
3754147,0.4665629860031104,0.26127527216174184,0.2721617418351478
3754149,0.16168863674286668,0.20423827799098948,0.6340730852661439
3754151,0.4765957446808511,0.27914893617021275,0.24425531914893614
3754152,0.27631578947368424,0.27631578947368424,0.4473684210526316
3754154,0.6209037599172128,0.21662642290444978,0.16246981717833733
3754155,0.40718562874251496,0.3053892215568862,0.2874251497005988
3754158,0.674237047551455,0.20440028388928316,0.1213626685592619
3754161,0.4111321948134092,0.30107526881720426,0.28779253636938645
3754163,0.5650328476033415,0.2572386385141528,0.1777285138825056
3754164,0.6074766355140188,0.2429906542056075,0.14953271028037385
3754168,0.5631014947785133,0.25977748959115415,0.1771210156303324
3754170,0.4864864864864865,0.2702702702702703,0.24324324324324326
3754172,0.4055587067498582,0.2949517867271696,0.29948950652297224
3754176,0.49851632047477745,0.27002967359050445,0.23145400593471807
3754177,0.3722005139043043,0.2879080445789177,0.33989144151677786
3754179,0.27005203660506016,0.2777678090794904,0.4521801543154495
3754181,0.3244274809160305,0.28625954198473286,0.3893129770992367
3754183,0.49813466563676106,0.27753217085476684,0.22433316350847204
3754184,0.7600318894499071,0.1508370980600585,0.08913101249003456
3754191,0.6263979613411526,0.22423021710826477,0.14937182155058254
3754192,0.24502402196293757,0.2882635552505148,0.46671242278654773
3754195,0.44177616674218395,0.2990484821024015,0.25917535115541457
3754201,0.5555555555555556,0.2592592592592593,0.1851851851851852
3754206,0.1624698171783374,0.21662642290444983,0.6209037599172129
3754207,0.5338278264778602,0.2605079793211958,0.20566419420094403
3754214,0.20462401106075737,0.26999001459405486,0.5253859743451877
3754215,0.20462401106075737,0.26999001459405486,0.5253859743451877
3754216,0.27005203660506016,0.2777678090794904,0.4521801543154495
3754220,0.2567237163814181,0.2787286063569682,0.4645476772616137
3754224,0.5821375682990348,0.25583414185773373,0.16202828984323137
3754225,0.49851632047477745,0.27002967359050445,0.23145400593471807
3754227,0.49851632047477745,0.27002967359050445,0.23145400593471807
3754228,0.5582990397805213,0.26406035665294925,0.1776406035665295
3754229,0.4245799853907962,0.260409057706355,0.31501095690284875
3754231,0.5650328476033415,0.2572386385141528,0.1777285138825056
3754236,0.3613655287260616,0.30308076602830974,0.33555370524562866
3754241,0.2611940298507463,0.26865671641791045,0.4701492537313433
3754242,0.31472461596103407,0.27875608842263017,0.4065192956163357
3754243,0.4428364688856729,0.2865412445730825,0.2706222865412446
3754244,0.4111321948134093,0.2877925363693865,0.30107526881720437
3754249,0.7964199029126214,0.13880461165048544,0.06477548543689321
3754250,0.2706222865412446,0.2865412445730825,0.4428364688856729
3754251,0.24425531914893614,0.27914893617021275,0.4765957446808511
3754252,0.5907172995780591,0.2320675105485232,0.17721518987341772
3754253,0.2567237163814181,0.2787286063569682,0.4645476772616137
3754260,0.6986301369863014,0.1863013698630137,0.11506849315068494
3754261,0.5594405594405595,0.24475524475524477,0.19580419580419584
3754262,0.27716535433070866,0.2944881889763779,0.4283464566929133
3754264,0.674237047551455,0.20440028388928316,0.1213626685592619
3754271,0.4765957446808511,0.27914893617021275,0.24425531914893614
3754275,0.3722005139043043,0.2879080445789177,0.33989144151677786
3754277,0.5622715771717739,0.2431824571267922,0.1945459657014338
3754280,0.18515997277059223,0.24302246426140234,0.5718175629680056
3754282,0.13007833849517217,0.23228274731280743,0.6376389141920205
3754284,0.7609013754755634,0.16359379572724614,0.07550482879719053
3754289,0.3269230769230769,0.2884615384615385,0.3846153846153847
3754290,0.6039689387402933,0.23295944779982744,0.1630716134598792
3754292,0.45492957746478874,0.2876760563380282,0.2573943661971831
3754294,0.5622715771717739,0.2431824571267922,0.1945459657014338
3754248,0.3956834532374101,0.2877697841726619,0.31654676258992803
3754303,0.43349753694581283,0.29556650246305427,0.27093596059113306
3754305,0.33843797856049007,0.286676875957121,0.374885145482389
3754306,0.39871625448367,0.30526713233905983,0.2960166131772702
3754308,0.4760271035251737,0.2602281499270949,0.26374474654773133
3754313,0.16184971098265896,0.23121387283236997,0.6069364161849712
3754314,0.3911577369801424,0.2716373173473211,0.33720494567253656
3754316,0.6790850222857623,0.2058699857034732,0.11504499201076444
3754317,0.21586931155192535,0.2590431738623104,0.5250875145857643
3754318,0.4111321948134093,0.2877925363693865,0.30107526881720437
3754320,0.3495811119573496,0.2878903274942879,0.3625285605483625
3754322,0.35368907724908505,0.28607204777499523,0.3602388749759199
3754324,0.6716417910447762,0.22388059701492535,0.1044776119402985
3754326,0.46671242278654773,0.2882635552505148,0.24502402196293757
3754327,0.21710713270815574,0.2713839158851947,0.5115089514066496
3754331,0.5223880597014926,0.26865671641791045,0.208955223880597
3754332,0.7964199029126214,0.13880461165048544,0.06477548543689321
3754333,0.21621621621621623,0.24324324324324326,0.5405405405405406
3754334,0.3371110257395314,0.3008067614291203,0.36208221283134845
3754338,0.3893129770992367,0.28625954198473286,0.3244274809160305
3754340,0.37081339712918665,0.3145933014354067,0.3145933014354067
3754342,0.6521739130434783,0.21739130434782608,0.13043478260869565
3754346,0.19580419580419584,0.24475524475524477,0.5594405594405595
3754348,0.22433316350847204,0.27753217085476684,0.49813466563676106
3754349,0.24324324324324326,0.2702702702702703,0.4864864864864865
3754350,0.6376389141920205,0.23228274731280743,0.13007833849517217
3754258,0.12972972972972974,0.19459459459459463,0.6756756756756758
3754020,0.6727152024784244,0.20535516707236112,0.12192963044921443
3754267,0.425,0.2875,0.2875
3754141,0.7561436672967865,0.1625708884688091,0.08128544423440455
3754128,0.4864864864864865,0.2702702702702703,0.24324324324324326
3754078,0.7165190203230849,0.19489317352787913,0.08858780614903597
3749493,0.6479113384484229,0.23870417732310312,0.113384484228474
3749196,0.6501784803671595,0.2427332993370729,0.10708822029576745
3749454,0.22734026745913816,0.2674591381872214,0.5052005943536404
3749052,0.1033210332103321,0.23247232472324725,0.6642066420664207
3749296,0.7079924480805537,0.20138451856513526,0.09062303335431088
3749522,0.7953307964320236,0.14279246760556485,0.06187673596241144
3749358,0.22734026745913816,0.2674591381872214,0.5052005943536404
3749346,0.1658110129961569,0.2533223809663508,0.5808666060374923
3749253,0.3626373626373627,0.27472527472527475,0.3626373626373627
3749079,0.41308089500860584,0.28399311531841653,0.3029259896729776
3749133,0.16860847224711717,0.2727489992232778,0.558642528529605
3749528,0.5829800121138704,0.2548455481526347,0.16217443973349485
3749233,0.7394957983193277,0.1680672268907563,0.09243697478991596
3749462,0.6825012084317008,0.21436527562750882,0.10313351594079034
3749276,0.3533658950944999,0.28987046081970697,0.35676364408579314
3749068,0.16860847224711717,0.2727489992232778,0.558642528529605
3749310,0.20549581839904416,0.25686977299880526,0.5376344086021505
3749434,0.2024369980614788,0.26793132096372196,0.5296316809747992
3749192,0.683232811510909,0.20986134857032537,0.10690583991876576
3749274,0.20560747663551399,0.2803738317757009,0.514018691588785
3749590,0.13966225467822913,0.26700136923779094,0.5933363760839799
3749631,0.7428571428571429,0.18571428571428572,0.07142857142857144
3749117,0.16860847224711717,0.2727489992232778,0.558642528529605
3749108,0.7099781159686608,0.18260637142713956,0.10741551260419974
3749153,0.722543352601156,0.18497109826589594,0.09248554913294797
